ID,Tweet,Sentiment
1.05345420633673E+018,The #Halloween helmet is back!  And it can be yours when I‚Äôm finished with it. Get your tickets now at ,0
1.05345419572913E+018,You‚Äôll be happy to know that in a parallel universe Laurie Strode LOVES Halloween night! #tbt #Hal,1
1.05345417964418E+018,The Other Side of the Door was tonight's movie. #horror #halloween,0
1.05345417712739E+018,CTHULHU DEEP DOWN UNDER is great! Thank you for sending it to me. Your story was he,-1
1.05345416637755E+018,This is it. This is the height of my photography. No picture I ever take will be better than this.  #pumpkinspice ,1
1.0534541622084E+018,"The undead surround me. Have you ever talked to a corpse? It's boring! I'm lonely! Kill yourself, David, before you kill",-1
1.05345416169654E+018,El festival de la calabaza organizado por reuni√≥ a decenas de familias en el centro comercial ,0
1.05345416136542E+018,"One of our favourite‚Äôs tiny artists, rocking her . Stay tuned for #halloween programming for the little ones. ",-1
1.0534541527419E+018,"Right?! #halloween is our very favorite day of the year!

We're sure there must be a reason for that.",0
1.05345414457555E+018,"Inktober Day Nineteen - Scorched
inktober #inktober #Inktober2018 #penandink sketchchallenge #halloween #GuildDraws",0
1.05345414080906E+018,"When your daughter says she wants to be Ripley for #halloween, you do as you're told!
#Horror ",0
1.05345413943752E+018,"Ya falta poco para #halloween 
#instaboy #instame #tumblrboy #alternariveboy #painting",0
1.05345412327256E+018,"More Halloween  decorations. To be honest, this is up year round. Giant skull in a black fez. #horseandanchor",0
1.05345411742989E+018,"Is Dr. Butler saying ""ghost"" a lot because it is late October? I'd like to think that. #Halloween #ASAC18",0
1.05345411267787E+018," When your daughter says she wants to be Ripley for #halloween, you do as you're told!
#Horror ",0
1.05345410771189E+018,Round two with all my Bros #Halloween #HalloweenMovie #Halloween2018 #MichaelMyers ,1
1.05345409697444E+018,"Mask Giveaway Details!
In the evil spirit of Halloween we are giving out custom made masks inspired by our soon-to-be laun",-1
1.05345405950249E+018,"More #halloween heat
#beatstars #musicproducer #beats #Halloween2018 #halloweeninspir",0
1.05345403142989E+018,Text BOO to 300300 to get locked in to an exclusive offer just for you! Click here to shop our Halloween costumes!,0
1.05345401649414E+018,Black #velvet #cake  ready for your next #halloween #party that‚Äôs topped with,0
1.05345401284512E+018,"Dear #Halloween, 
don‚Äôt make us wait too long
#Costume #Idea #BT21 ",0
1.05345399714152E+018,‚ÄòTalented Mother Crochets a Freehand Bright Green Ghostbusters Slimer Costume for Her Youngest Son‚Äô ,1
1.05345399568195E+018,"Not much longer to #Halloween, be sure you got the music to match!
#NewMusicFriday ",0
1.05345396731168E+018,"Morbid as hell question but i'm stuck in an argument while watching #PetSematary 

What would hurt more losing as a",-1
1.0534539671733E+018,"Which Extra Strong Colour gel will you dare to bake with this #Halloween? 
BLOOD RED? 
PUMPKIN ORANGE? 
BAT BLACK? ",0
1.05345395421711E+018,We are starting to get dressed up for Halloween! #thespitjack #cork #halloween #cork #ireland #breakfast #brunch #lunc,0
1.05345394844156E+018,Get in the #Halloween sprit with an Awoo Crew decal! Great for #wolf and #werewolf lovers alike! ,1
1.05345394109309E+018,I finally found my pumpkins #halloween #pumpkinpatch #thesequel ,0
1.05345394014518E+018," Llega un cl√°sico de #Halloween que no te pod√©s perder 
Se viene  en La Cumbre el 27/10 para festejar los #25A√±os",0
1.05345393369019E+018,"¬°Otro #gasolinazo... De #Halloween!

Hacienda aumentar√° IEPS a  la gasolinas a partir de ma√±ana. 

Se disparar√° entre 4",0
1.05345393355593E+018,I know it's late in the season to be getting decorations! But I got this from CVS last night! #halloween ,0
1.05345393277997E+018,Tasty #Halloween ,1
1.05345392468915E+018,Happy Halloween (almost)  #Halloween #aurora #northernlights #Auroraborealis #Autumn #a7s #sony #sigma #fairbanks #Alaska,1
1.05345392458838E+018,"lol! !  ! ! ! ! !  Oh my,  I dont know What I would have done...  Probably the same thing...  #Halloween",0
1.05345392401392E+018,"#inktober2018
Dia 19: queimado 
#inktober #queimado #scorched #bruxa #witch #sortistino #fogueira #halloween",0
1.05345391050408E+018,"WOW YOU REALLY CANT WIFE EM MAN, SHORTY GRABBED THE CROW BAR AND AINT DO SHIT IM SO MAD. BUDDY DIED TRYNA SAVE THE OPP SMH #HALLOWEEN",-1
1.05345387983528E+018,Prowling Poster of the Day: John Carpenter‚Äôs #Halloween (1978) #Horror #MichaelMyers,0
1.05345387931099E+018,Halloween Front Porch (Home Depot Style Challenge) #halloween,0
1.05345387718875E+018,2morrow We Drop Over 300 #samples #sounds #Synths #fx #Halloween style #SoundPack #soundkit #Samplepack Low Price,0
1.05345387246173E+018,"‚ÄúThe undead surround me. Have you ever talked to a corpse? It's boring! I'm lonely! Kill yourself, David, before yo",-1
1.053453829428E+018," of Thrones #Quaithe Mask, Necklace, and Armbands - Free Shipping in the US",0
1.05345382416008E+018,Ayyyy ser√≠a una buena opci√≥n de entrem√©s o regalitos para #Halloween,0
1.05345381734015E+018,"In the spirit of #Halloween, I have revealed the new cover to the next installment of #TheSquickerwonkers #audiobook ",0
1.05345381663138E+018,"Otro #gasolinazo... De #Halloween!

Hacienda aumentar√° IEPS a  la gasolinas a partir de ma√±ana. 

Se disparar√° entre 4",0
1.05345381236152E+018,My newest book Death O Death is here and up for #PreOrder  #onsalenow Are you brave enough? Official release date #Halloween,0
1.05345380953462E+018," There are only a few days left until Halloween. Meanwhile, it's not bad to go disguising (\( ' o ' )/)

#pokemon ",0
1.05345380482009E+018,"They are here! The very spooky #BT21Halloween Collection!
Too scary but still cute!
‚Äã
Amazon",1
1.05345380454321E+018,"#GameOfThrones #Quaithe Mask, Necklace, and Armbands - Free Shipping in the US!",0
1.05345380382179E+018,"#DeadbyDaylight 
#Halloween ",0
1.05345379789116E+018,"Willing to trade soul for Merlin Lily in ONILAND. HMU Satan 
#FGO #FateGO #halloween ",0
1.05345379630995E+018,SCARYYYYYY. (The middle of the No. 6 fell out but I think it maintained the right tone.) #halloween #vote,-1
1.05345379552965E+018,#Sansa #Stark O-ring Chain - Free US Shipping! Reduced Price! #SophieT #costumes #Ga,0
1.0534537897163E+018,#Inktober Monstory: day 19 #halloween,0
1.05345378512778E+018,Come party with @PeterMcCormack and Myself at sponsored by,1
1.05345378284201E+018,Got a BFF (Best Friend Fur-ever) who loves to vamp it up for All Hallows‚Äô Eve? It‚Äôs time to unleash their adorableness,1
1.0534537762023E+018,"Its getting cozy!
#Halloween #Halloweendecorations #norwegianhalloween #Halloween2018 #Halloweenjunkie",0
1.0534537724485E+018,"It‚Äôs 5‚Äôo clock somewhere  #skeleton #halloween #wine #bones #funny #swing @ Ridgefield, Connecticut",1
1.05345377238964E+018,Black white herringbone boy's romper w/reversible flap Halloween/Sports 24 mos #Adorable #Toddlers #Halloween,0
1.05345377103498E+018,#GameOfThrones The Red Woman #Melisandre Choker w/ LED Glowing Stone - Free Shipping in the US!,0
1.05345376068756E+018,#Halloween #GameOfThrones The Red Woman #Melisandre Choker w/ LED Glowing Stone - Free Shipping in the US!,0
1.0534537522444E+018,"#Halloween #CostumeIdeas #GameOfThrones #Quaithe Mask, Necklace, and Armbands - Free Shipping in the US",0
1.05345375016844E+018,#Halloween may now officially commence. Sammy took it back to his kennywoodfrightnights roots in the #voodoobayou,1
1.05345374910721E+018,My newest book Death O Death is here and up for #PreOrder  #onsalenow Are you brave enough? Official release date #Halloween,0
1.05345374760992E+018,"I just published ""He's Watched Me My Entire Life "" of my story ""One Little Halloween Spell""",0
1.05345373308081E+018,"Quick sketch

#drawing #drawtober #painting #sketch #Halloween #spooky #skeleton #art #videogames #concept",0
1.05345373003996E+018,"Nearly finished the first pokeball bag, need some black felt #pokemon #Halloween #crafts",0
1.05345371626156E+018,"#DeadbyDaylight 
#Halloween",0
1.05345371613143E+018,#Halloween  en #NYC todo preparado para celebrar... #calabaza #pumpkin #brujas2018 a cuidarse de ellas..que aparece,0
1.05345370657282E+018,"ùêÉùêöùê≤ ùü≠ùüØ: ùó¶ùóΩùóºùóºùó∏ùòÅùóÆùó∞ùòÇùóπùóÆùóø!!
#Inktober2018 #illustration
#pastel #Halloween #pinup ",1
1.05345369297487E+018,"Oh no! It's a new #RetailInPieces !!!!!!!!
#CoinLaundryComics
#Tapastic",-1
1.0534536896698E+018,These #cute #kittens and #pumpkin #cakepops are ideal for #halloween! In our #YouTube #channel you can find,0
1.053453687325E+018,#Halloween starts tomorrow in Terraria! It is getting #scary,0
1.05345366690731E+018,"Nearly finished the first pokeball bag, need some black felt #pokemon #Halloween #crafts",0
1.0534536626459E+018,ceppers and I had a very special horror mom's night out tonight!!! Soooo good #Halloween #horrormoms,1
1.0534536608086E+018,So I guess we're doing this... Plus Ultra. #MyHeroAcademia #Halloween #dadlife,0
1.05345363051314E+018,Happy Halloween (almost)  #Halloween #aurora #northernlights #Auroraborealis #Autumn #a7s #sony #sigma #fairbanks #Alaska ht,1
1.05345362427219E+018,#Halloween #Original_Recipes #Harry_Potter #Recipes #Soup Harry Potter Fans Know to Eat This Leaky Cauldron Pea Soup,0
1.05345362150817E+018,"Dear #Halloween, 
don‚Äôt make us wait too long
#Costume #Idea #BT21",0
1.05345361332494E+018,"I'm having way too much fun editing tonight. I call this shot #doubletrouble.
Watch at 10:00 to see the",1
1.05345361289303E+018,Perfect new #PB to introduce #Halloween customs to little kids: LUKE AND LOTTIE IT'S HALLOWEEN! From costumes to ,0
1.05345361192414E+018,Like #horror ?  Things that go bump in the night?  Order your copy of CHAMBER OF TERROR #1 from our website now!,0
1.05345360253314E+018,"Got this dope ass mask 
#halloween #mask #Followme",0
1.05345359249191E+018,"The Spooky Sisters
Im doing Hamilton drawings for Halloween, you can see them first of my patreon Any of them will be on red",0
1.05345357933844E+018, #happyhalloween,1
1.05345356089208E+018,This is why you don't get your expectations super high: I was pretty disappointed in #Halloween. It's not terrible,-1
1.0534535426467E+018,Decided to draw my baby Heart in a slutty as hell witch costume for halloween. I had a blast with this drawing,-1
1.05345353556245E+018,Happy Halloween,1
1.05345351441073E+018,I know #steveurkel & #MichaelMyers (ek!) #familymatters #Halloween,0
1.05345351051411E+018,Our video review for Halloween is in the process of transcoding. It'll be up on YouTube tomorrow morning,0
1.05345350316586E+018,"Nueva oportunidad para ganar una caja de #FiniMonsterChallenge! 
¬°Ponemos 3 en juego! S√≠guenos.
Haz Rt.
¬°Ma√±ana",0
1.05345348176635E+018,#NowPlaying #Halloween #HalloweenMovie,0
1.05345348166575E+018, #Halloween2018 #halloween  #kawaii,0
1.05345347375954E+018,13 days until #Halloween. Are you ready? Here are some suggestions and a special discount,0
1.05345347230816E+018,Que miedo #Halloween  lo que hace uno por acompa√±ar a los hijos!!,0
1.05345346987986E+018,"#HALLOWEEN #COMPETITON TIME!!! This month you could #win a mixed case of our scrumptious popcorn snack packs, perfect f",0
1.05345346290036E+018,Zombie Book Tag #Friday #Blogtober #Zombies #Books #Halloween #BookBlogger ,0
1.0534542094069E+018,Inde: Un mag de l‚ÄôEglise soutient #MeToo mais maman sur le viol de Bishop | Inde Nouvelles,0
1.05345420763273E+018,"It may be harder to find Catholic Church priests who are *not* rapists. 
Will #MeToo take this up, or will it quickly be hush‚Ä¶",-1
1.05345419573347E+018,"Hey Shea Butter Twitter, where are all of your #metoo white feminist, intersectional ‚Äúallies‚Äù, who you are always kissing",0
1.05345417470317E+018,#MeToo,1
1.05345417320167E+018,This has been the worst-kept secret in Missouri politics for at least a decade, as best I can tell #MOLeg #MOSen has 
1.0534541474109E+018, I guess the #metoo movement didn't get the memo...you would think when someone openly admits to slap,-1
1.05345409662207E+018,"Heart breaking picture, the poor nun is weeping because judiciary, media, govt and all of us let her down. A rapist Bish",-1
1.05345405720805E+018,"In case you missed it....#writers. 

This #MeToo essay was Rejected repeatedly. I kept at it until(a 95% Rejection Ra",0
1.05345405062735E+018,"It may be harder to find Catholic Church priests who are *not* rapists. 
Will #MeToo take this up, or will it quickly be hush",-1
1.05345404315719E+018,"She founded the #MeToo movement more than a decade ago, way before it was trending.

Today, @TaranaBurke works to ensure that",0
1.05345403370332E+018,"Shut up, Mazie Hirono, You Said Nothing And Did Not Believe When 10 Women Accused Sen. Daniel Inouye Of Sexual Assault",-1
1.053453979341E+018,#MeToo victim stands by her complaint against Vikas Bahl,1
1.05345392171965E+018,A creep meets his #MeToo moment where it hurt. Thank you,-1
1.05345391538201E+018,"My hero, my sister has finally spoken out about the torment she suffered as a child for years at the",1
1.05345387999885E+018,#QAnon #MeToo #SethRich,0
1.05345386425331E+018,Shocking: PMO Declines Maneka Gandhi's Proposal To Form A Committee Of Retired Judges To Probe #MeToo Allegations ,-1
1.05345385607861E+018,"#MeToo movement cannot be misused, Bombay High Court observes as victim decides not to file a complaint against #vikasbahl",1
1.05345385316773E+018,#MeToo founder Tarana Burke says it's 'tragic' Hillary Clinton denied husband's White House affair was an abuse of power ,-1
1.05345383696534E+018,"Hey Shea Butter Twitter, where are all of your #metoo white feminist, intersectional ‚Äúallies‚Äù, who you are always kissing",0
1.05345381979373E+018,"Last night at the Trump rally in PA, a liberal protester touched me against my consent and said he'd throw me on the ground",-1
1.05345381691646E+018,#stopengaging . Everyone seems to be horrified about the #metoo stories but why is no one saying anything?#useyourvoice,-1
1.05345377887831E+018,"It looks like Obama did spy on Trump, just as he apparently did to me  #metoo",-1
1.05345377223881E+018,HillaryClinton That's right little girls - don't EVER let a man take advantage of his powerful positin and make you feel,-1
1.05345377070368E+018,Hillary Clinton has destroyed the #MeToo movement by not saying it was wrong what Bill Clinton did to Monica lewinsky,-1
1.05345376720151E+018,"Claire McCaskill‚Äôs Husband Accused Of Hitting, Tripping, Peeing On Ex-Wife #MeToo ",-1
1.05345374702671E+018,"Men, please observe proper dress code even in the privacy of your home. Otherwise the #MeToo Ladies may  get 'aroused'.",0
1.05345374303793E+018,"I knew once I began covering #Indigenous #metoo, it would be a big task, but I had no idea of how big. The flood gates",-1
1.05345373178049E+018,Honored to be quoted in this great report on #MeToo in Asia,1
1.053453674113E+018,"Dei Dei Dei Pombala Porruki Thevayadiya Naaye @vairamuthu .. Thoo

This Tamil Lyricist used to call his female fans from",0
1.05345367186059E+018,"So, acc to you the credibility of any women accusations should be judge by how many vote",-1
1.05345366488139E+018,"HER TOO 
#MeToo ",1
1.05345364349883E+018,After I wrote this I saw a #metoo account in which a survivor was actually bullied by her supervisor to whom she reported,0
1.05345364061741E+018,"#DomesticViolenceAwarenessMonth 
#metoo 

Please browse my tweets. I just left my abuser earlier this year",-1
1.05345363104602E+018,Is Familicide the #MeToo Moment for Domestic Violence?,-1
1.05345360511244E+018,Great! Your survival record today also updated self best! I am proud of you!‚Ä¶,1
1.053453583646E+018,#metoo # believevictims,0
1.0534535821193E+018,Great! Your survival record today also updated self best! I am proud of you!‚Ä¶,1
1.05345354419448E+018,"Can America trust Brett Kavanaugh??

#MeToo #BrettKavanaugh, #DonaldTrump, #Trump, #USA, #America",0
1.0534534931498E+018,"Guardian reporter: GOP lawmaker who assaulted me isn‚Äôt a ‚Äòtough cookie,‚Äô he‚Äôs a ‚Äòcoward‚Äô ",-1
1.05345343663147E+018,Where are the Democrats on this?  Double standards.  They are  Proof they destroyed the #MeToo movement,0
1.05345342207733E+018,"Thank you to Rachael Denhollander, the Louisville woman whose bravery sparked the Larry Nassar investigation",1
1.05345340451149E+018,Why Indian feminists are saying yes to #MeToo &amp, no to sex offenders list. As a Canadian I found this piece by
1.05345340071162E+018, #metoo,1
1.05345338785184E+018,#stopengaging . Everyone seems to be horrified about the #metoo stories but why is no one saying anything?#useyourvoice,-1
1.05345337437558E+018,"Hey Shea Butter Twitter, where are all of your #metoo white feminist, intersectional ‚Äúallies‚Äù, who you are always kissing",0
1.05345336352478E+018,Great! Your survival record today also updated self best! I am proud of,1
1.05345335730889E+018,The whole thing is ridiulous. I am fighting with a friend's friend on FB because she called out the,0
1.05345335326562E+018,"In #MeToo era, this colonial-era law also needs to be junked https://t.co/MGqki3RKg1 via @ThePrintIndia
#IndiaWantsBallot",0
1.0534533435097E+018,Spent two hours explaining the #metoo movement to my parents. Henceforth they will be champions of the movement,1
1.05345334225128E+018,"Under CM,Modi's Watch Rs20000cr #GSPCScam Was Repeatedly Reported By CAG But He Managed To Sweep It Under The Carpet With",-1
1.05345333089742E+018,_in Aide effects of #metoo,1
1.05345332513023E+018,"Hey Shea Butter Twitter, where are all of your #metoo white feminist, intersectional ‚Äúallies‚Äù, who you are always kissing",0
1.0534533228275E+018,"Shut up, Mazie Hirono, You Said Nothing And Did Not Believe When 10 Women Accused Sen. Daniel Inouye Of Sexual Assault",-1
1.05345330670462E+018,How the controversial Heathers reboot series is tackling #MeToo: An exclusive preview clip,-1
1.05345328013776E+018,"that my third daughter would someday break the clasp when she was 2 years old, I'd have been overjoyed.",1
1.05345327567942E+018,"It's like #metoo gives us the illusion of going ONE step forward, then along comes #misogyny on stilts to get TWO",0
1.05345327005047E+018,"Heart breaking picture, the poor nun is weeping because judiciary, media, govt and all of us let her down. A rapist Bish",-1
1.0534532685531E+018,"Naku 1st nundi Modi meeda doubt ga ne undedi... CBN speech tho confirm ayipoindi....

I support CBN in his #MeToo movement",1
1.05345326415328E+018,Great! Your survival record today also updated self best! I am proud of,1
1.05345325850366E+018,"One year ago I recorded this for my daughter, explaining why I shared my story of sexual assault. I never expected to ",-1
1.05345323241078E+018,"#MeToo:Akbar says, ""Harassment charges false and fabricated""
He said  2 of the journalists who",-1
1.05345323058626E+018,#MeToo movement don‚Äôt give credit to the #RealWomen of this country #MilitaryWomen,0
1.05345320495918E+018,#MeToo ,1
1.05345319999318E+018,"The phone logs of bagga calling me from airport .one just 2 , 3 calls but 33 calls .see how desperate was he to stay with me",1
1.05345318352197E+018,"American Women fought for our right to vote and won. 

The 19th Amendment was passed by Congress June 4,1919. Ratified¬†Aug",0
1.0534531835179E+018,Girls face sexual harassment and violence too. We have the power to end this epidemic and create a culture of respect for today,-1
1.05345317301957E+018,"Shurpnakha‚Äôs false #MeToo accusation cost #RavanDahan .
This #Vijayadashami, let women burn their inner shurpnakha,",-1
1.05345306113235E+018,No smoke could be better than yours... There You stand!! #MeToo,1
1.0534530531086E+018,,0
1.05345303950655E+018,"Remember, when you speak up about someone's unethical behavior, you aren't attempting to cost them their job. They are cost",-1
1.05345301979324E+018,"To me belongeth vengeance, and recompence; their foot shall slide in due time: for the day of their",-1
1.0534530108217E+018,This sounds like a #MeToo incident. The Republicans will blame this on the woman,-1
1.0534529696E+018,"Amber Heard claims ‚ÄúI didn‚Äôt want anything‚Äù ... except 3 multimillion $ condos, indefinite spousal support (later specified",-1
1.05345296769987E+018,I think I'm a little more concerned about the ongoing pain for those who survived his abuse. #MeToo ,-1
1.05345293614623E+018,I turned in my letter of resignation to @DICKS yesterday. I cannot work for a company where my words are not valued. #MeToo,0
1.0534528698217E+018,"Shut up, Mazie Hirono, You Said Nothing And Did Not Believe When 10 Women Accused Sen. Daniel Inouye Of Sexual Assault",-1
1.05345285184057E+018,"Shut up, Mazie Hirono, You Said Nothing And Did Not Believe When 10 Women Accused Sen. Daniel Inouye Of Sexual Assault",-1
1.05345284757515E+018,Men after #MeToo movement,0
1.05345282948497E+018,Grammar lessons from Donald Trump is like listening to Bill Cosby at a #MeToo conference ,-1
1.05345282846992E+018,The most heartbreaking image I‚Äôve seen today. Shameful how the Church has let down its nuns - the brides of Christ! Rape ,-1
1.0534528139326E+018,"How To Avoid (Online) Stalking &amp; Harassment: https://t.co/TRM0yUQnRF
#genderequality 
#feminism #metoo https:",-1
1.05345281220875E+018,"She founded the #MeToo movement more than a decade ago, way before it was trending.

Today, @TaranaBurke works to ensure that",0
1.05345280820743E+018,"When women are not trusted on the truth of what happened in their own lives, it doesn't only allow listeners to ignore ",-1
1.05345279641719E+018,"Hey Shea Butter Twitter, where are all of your #metoo white feminist, intersectional ‚Äúallies‚Äù, who you are always kissing",0
1.05345276807194E+018,"Anyway, in his room he sat me down and started kissing me on the sofa of his Apart/suite. I said no pushed him away finally",-1
1.05345275847963E+018,What a repulsive visual that is! I've had a gutful of your intimidation and harassment,-1
1.05345415671814E+018,Well everyone... the closet could only hold me for so long #LGBTQ #ProudToBeMe ,1
1.05345415454949E+018,Family Research Council chair asks for prayers for Republicans to legalize abuse of #LGBTQ children,-1
1.05345413155229E+018,#miloyiannopoulos #breitbart #gay #pflag #glaad #LGBTQ #feminismiscancer #feelings #feminist #feminism @ Black Sheep,-1
1.05345402128802E+018,"#VoteForYourLife
#SheWOKE #SheVote  #RockTheVote
#StopThisTrain",0
1.05345401516438E+018,"#fridayfillin #Remember 
#WhenObamaWasPrezAndCongressWasDemocratic  able to",0
1.05345393546019E+018,And the booth is ready for all its glory tomorrows #rainbowfestivalphx! #custom #handmade #displaybooths,0
1.05345388189459E+018,#fridayfillin #Remember,0
1.05345381572541E+018,PoseOnFX has given the #LGBTQ+ community a space to see themselves represented in a medium that often places our stories,1
1.05345377117345E+018,"‚ÄúToda realiza√ß√£o pede esfor√ßo.
Toda constru√ß√£o pede tempo‚Äù #goodvibes #goodnight #thanksgod ",1
1.05345373395326E+018," Breaking: Your hobbies don't make you gay. Also, beating someone up because you think they're gay is wrong.",-1
1.05345373050555E+018,"Honours have JUST been announced Check out the #LGBTQ activists, celebs and allies ‚Äì including",1
1.05345371759949E+018,#fridayfillin #Remember #WhenObamaWasPrezAndCongressWasDemocratic  : able 2 #focus on my,0
1.05345369125924E+018,#fridayfillin #Remember  #WhenObamaWasPrezAndCongressWasDemocratic  : able 2 #focus on my #job bc ,0
1.05345365679059E+018,"Mariah Carey, Britney Spears, Luis Fonsi, Adam Lambert and more honor #LGBTQ youth on #SpiritDay 2018",1
1.05345354683698E+018, Family Research Council chair asks for prayers for Republicans to legalize abuse of #LGBTQ children,-1
1.05345354234062E+018,"Today we learned about #DecolonizingTherapy, Living an #Authentic Life, #TuitionEquity, and #Equity in Healthcare at ",0
1.05345350896656E+018,And the ripplephx booth is ready for all its glory tomorrows #rainbowfestivalphx! #custom #handmade #displaybooths,0
1.05345337447199E+018," What's next, #AltRightAndy @AndrewScheer? Taking away my #LGBTQIA #LGBTQ right to be married? I thought you #CPC cons ",0
1.05345326982414E+018,We love this message from @troyesivan + @LaurenJauregui for the youth of the #LGBTQ Community ,1
1.05345313125261E+018,"#fridayfillin #Remember 
#WhenObamaWasPrezAndCongressWasDemocratic  : able 2 #focus on my #job bc I knew they were",0
1.05345307742721E+018,Today we took the first steps toward mobilizing faith leaders and an interfaith alliance committed to embracing #LGBTQ-inclusive,1
1.05345288340706E+018, Liars #Trump #GOP #VoteThemOut #DEMS #LGBTQ,-1
1.0534528322534E+018, It's Iowa Safe Schools Day! @iowasafeschools does amazing work across our state to ensure #LGBTQ students can learn in a school,0
1.05345281391168E+018,Liars #Trump #GOP #VoteThemOut #DEMS #LGBTQ,-1
1.05345274891675E+018,Our allies @lgbtmap have a new report on #TitleIX #ReligiousExemptions: a profoundly negative impact on #LGBTQ students,-1
1.05345270198229E+018,Family Research Council chair asks for prayers for Republicans to legalize abuse of #LGBTQ children,-1
1.05345263318327E+018,@PoseOnFX has given the #LGBTQ+ community a space to see themselves represented in a medium that often places our stories,1
1.05345262652699E+018," The @gaytimesmag Honours have JUST been announced  Check out the #LGBTQ activists, celebs and allies ‚Äì including @Harry",1
1.05345260037962E+018,@PoseOnFX has given the #LGBTQ+ community a space to see themselves represented in a medium that often places our stories,1
1.05345259228884E+018,Jessica Aldridge #exposure launches the first in a series of articles about #transyouth. Find out about the history of ,0
1.0534525129955E+018,"The @gaytimesmag Honours have JUST been announced  Check out the #LGBTQ activists, celebs and allies ‚Äì including @Harry",1
1.05345243916735E+018,We‚Äôre proud to support @GLAAD on #SpiritDay to #StopBullying! #WearPurple #ChooseKindness #LGBTQ,1
1.05345233601688E+018,#America #Democrats #Liberals #Millennials #LGBTQ #resist #BlueWave2018 #BlueTsunami2018 #votegopout #VoteBlue2018 #res,0
1.05345228490086E+018," NBC News reporter @oneunderscore__ is looking into today's indictment of Elena Khusyaynova, who is charged with running a Russian",-1
1.05345223631391E+018,#LGBTQ #SOGI ,1
1.05345221427721E+018,"Breaking:
Your hobbies don't make you gay.
Also, beating someone up because you think they're gay is wrong",-1
1.05345215835449E+018,"SOUTHERN HOSPITALITY
.
#atlanta #pride #south #southernhospitality #gay #lgbtq",1
1.05345204583818E+018, didn‚Äôt confirm support for #LGBTQ+ rights! He‚Äôs fear mongering to promote discrimination against,-1
1.05345204381213E+018,#TheResistance #WeThePeople #FightClub #BlackLivesMatter #LGBTQ #MeToo #Retweet #BlueWave2018 #FuckTrump #DemForce‚Ä¶ https://t.co/f7sGxdNaPk,0
1.05345192226136E+018,Family Research Council chair asks for prayers for Republicans to legalize abuse of #LGBTQ children ,-1
1.05345188075453E+018,I finally decided to put these up on the Etsy Store: LGBTQ+ pride threader earrings made to order,0
1.05345185671698E+018,Stingy/Thuddy Tee #alternativemodel #delightklothing #LGBTQ #fetlife #ropebondage #mentalhealthawareness #altmodel,1
1.05345183053177E+018,"these are direct quotes from Dallin H. Oaks, First Counselor to the Prophet of The Church of Jesus",0
1.05345166494486E+018,"New review of FINALLY OUT: ""I just came across your book and it is inspiring for anyone with doubts about realizing their",0
1.05345151941945E+018,It's #ComingOutDay! To the #LGBTQ+ people around the world who still don't feel safe to come out - know we won't stop fighting,-1
1.05345144205134E+018,"So I‚Äôm out to dinner with my friend Dave from @OXYMORRONS , we ask for the check, are told the people at the table next to",0
1.05345141494775E+018,"To my #Massachusetts peeps! November 6th, #VOTE YES on #Question 3! #LGBTQ #SpiritDay #Question3 ",1
1.05345125391162E+018,"@PinkNews HOWEVER, #GERMAINE #GREER IS NOT. #LGBTQ #CHOICE #FEED #FOOD 
#DEFY ",1
1.05345119124447E+018,"The @gaytimesmag Honours have JUST been announced  Check out the #LGBTQ activists, celebs and allies ‚Äì including @Harry",1
1.05345100741239E+018,Family Research Council chair asks for prayers for Republicans to legalize abuse of #LGBTQ children,-1
1.05345082224643E+018,this female is not yet rated #WomensMarch #Movie #Actress #LGBTQ #FemaleDirector #WOB,0
1.05345079389712E+018,GREAT PARTY! Do you remember this song? BACK TO THE FUTURE with @Brkfst_Club NOW! #LemonSqueeze #LGBTQ #Boys #Gurls ,0
1.05345074693351E+018,Check out my newest video on @youtube #youtube #youtuber #mentalillness #transgender #lgbtq,0
1.053450483657E+018,How a @PEERSAlliance project will improve #mentalhealth for #LGBTQ community,1
1.05345047595194E+018,"Looking for a something to read this weekend? Check out ""All The Dogs Are Dancing",0
1.05345039730046E+018,Broadway Youth Center is one of 2 organizations receiving the 2018 @HMPRG Group Award for addressing the needs of marginalized,1
1.0534503451989E+018,"Go purple TODAY with @JanelParrish + @GLAAD to stand with #LGBTQ youth. 

#ChooseKindness #SpiritDay ",1
1.05345029327342E+018,Broadway Youth Center is one of 2 organizations receiving the 2018 @HMPRG Group Award for addressing the needs of marginalized,1
1.05345023323189E+018,Check out Tom at the Farm by @michelmarcbouchard for some first-rate Daddy-on-Daddy theatre this,0
1.0534501058509E+018,During this commercial break I want to take a moment to talk about #SpiritDay. There is NO place for bullying in today,1
1.05345006499838E+018,"Triple threat Nadel Paris+her final ""fabulous"" #remix by @djaleamaral. We like to call it her #LGBTQ remix:
Her fan",1
1.05344993114547E+018,"Bit of #SF history, a super talented and amazing performer - #HappyBirthday #Divine #LGBTQ #DragQueen #AllLove",0
1.05344977476078E+018,"I learned the hard way about the harms caused by homosexual/ #LGBTQ conduct.

We need to be able to speak freely so",0
1.0534497391008E+018,"If a character uses only they/them pronouns throughout a story, please don‚Äôt go assigning them gendered pronouns when you talk",0
1.05344964648234E+018, #bigthrill #proudtosupport #diversity #LGBTQ #montreal ‚Å¶@TD_Canada‚Å©,1
1.05344963283408E+018,voted NO on a resolution to ban the death penalty for #LGBTQ at the UN one of 3 countries to,0
1.05344947284656E+018,We are a new British #AirsoftTeam &amp, #Military Activity Group for #LGBT+ people in the U.K. We will be doing #Airsoft 
1.05344947195317E+018,"For #LGBTQ foster youth, finding ""home"" is hard https://t.co/DgrDUHyERx #childwelfare #fostercare",-1
1.05344931389078E+018,7 Myths about Coming Out at Work #Diveristy #Inclusion #LGBTQ #Work #IOPsych,0
1.05344906107491E+018,"115th U.S. Congress scored on #LGBT+ rights:
‚ÄïHouse Democrats averaged 97.6
‚ÄïSenate Democrats 94.8
‚ÄïHouse Republicans",0
1.05344903141267E+018, allegedly taking huge coin to promote #Saudi_Arabia despite its horrendous human rights,0
1.05344902249984E+018,Another life goal achieved! Met the incredible @kdlang newly inducted to Alberta Order of Excellence #ableg #pride ,0
1.05344870636256E+018,"Calling all #dnd, #ttrpg and fun nerdy people! We are gearing up for #NerdsGiving2018 Nov 1st-15th to support #LGBTQ youth",1
1.05344863442615E+018,"The world may want to change you, but no one can erase who you are. This #NationalComingOutDay, we celebrate the #LGBTQ community",1
1.0534485954149E+018,"Go purple TODAY with @JanelParrish + @GLAAD to stand with #LGBTQ youth. 

#ChooseKindness #SpiritDay",1
1.0534484818122E+018,"Today is #SpiritDay
This is my reason for celebrating. THIS is the reason I fight! 
Please DONATE: ",-1
1.05344840415043E+018,10/26/18. My drag alter ego Diamond Daggerz gets her own video. Get ready #hiphop #dragqueen #queer #lgbtq,0
1.05344836454367E+018,"So I‚Äôm out to dinner with my friend Dave from @OXYMORRONS , we ask for the check, are told the people at the table next to",0
1.05344831425391E+018,#Bisexual #BiVisibility #bi #LGBT #lgbtq #bipride #bisexualcolors #Bisexualgirls #beingbikicksAss #loveislove ,1
1.05344822531794E+018,Proud to announce that my legislative record on #LGBTQ equality issues has earned a 100 percent score from Human Rights Campaign,0
1.053448126454E+018,#transgender #LGBTQ #trans #TransRightsAreHumanRights #acceptance,0
1.05344767981937E+018, Recovery is not linear Remember that we're here to support you 24/7 at 866.488.7386 or text/chat at,1
1.05344742703286E+018,THANK YOU! So proud of the #LGBTQ community‚Äôs support for @agounardes and our momentum to flip the #NYS Senate!,1
1.05344737626912E+018,#America #Democrats #Liberals #Millennials #LGBTQ #resist #BlueWave2018 #BlueTsunami2018 #votegopout #VoteBlue2018,0
1.05344737295981E+018,"So I‚Äôm out to dinner with my friend Dave from @OXYMORRONS , we ask for the check, are told the people at the table next to",0
1.05344722219137E+018,Family Research Council chair asks for prayers for Republicans to legalize abuse of #LGBTQ children,-1
1.05344717455665E+018,Born Succubus Series' Buy the first four books together now!  Book five is coming out in early November!  Catch up and,0
1.0534469767491E+018,caicos_thepotcakedog  is a very attentive driving - only in America #potcake #lovearescue #paws #ourboy,0
1.0534469746855E+018,Well everyone... the closet could only hold me for so long #LGBTQ #ProudToBeMe ,1
1.05344694478431E+018,Family Research Council chair asks for prayers for Republicans to legalize abuse of #LGBTQ children,-1
1.05344670169082E+018,"Why Are Haters Always Reporting Hot, Beautiful Pics on Instagram?   #Instagram #Facebook are #homophobic",-1
1.05344666417281E+018,"#Homophobie ""√áa nous concerne parce que √ßa d√©finit la soci√©t√© dans laquelle on choisit de vivre, ce que l'on est ",0
1.05344647284964E+018,"Calling all BEARS (and cubs)! #BEAR Pride Star of David Jewish + Israel Pin for Lapels, Shirts, Backpacks, Hats",0
1.05344644965921E+018,"""Once I began passing more as a cisgender male, a person whose gender identity aligns with the gender assigned at birth",-1
