ID,Tweet,Sentiment
1.05442773159584E+018,//t.c‚Ä¶,1
1.05442758495454E+018,//t.co/xnfhayJ5Mp via‚Ä¶,0
1.05442758228686E+018,I‚Äôm about to carve my pumpkin.  Check out my Instagram for more on Halloween and Thanksgiving‚Ä¶ https://t.co/bUzszYXh1x,0
1.05442743255858E+018," With over 1800 students in the @VistaUnifiedSD who are hungry, homeless or both, there's a lot of need. You can help Vista‚Ä¶",0
1.05442733614425E+018,Crochet 3Fall #Autumn #Kitchen Dish Cloths Set Earth Tones Yellow Brown Beige Burnt Sienna Red Bath Wash Cloth Cott‚Ä¶ https://t.co/8jrPbfJf8l,0
1.05442718758626E+018,It‚Äôs hard to believe that #Thanksgiving is just one month away. Sen. Klobuchar fought to ensure that whether a person‚Ä¶,0
1.05442718644953E+018,"Upcoming at Stamfords best kept secret. #pyc #ponusyc
.
.
.
 #stamford #fun #events #halloween #thanksgiving‚Ä¶ https://t.co/SSqPqkThU1",1
1.05442717869844E+018,"With over 1800 students in the @VistaUnifiedSD who are hungry, homeless or both, there's a lot of need. You can hel‚Ä¶ https://t.co/CS8dAxyt37",0
1.05442691499425E+018,"You deserve a Turkey day that's all fun &amp; relaxation--enjoy your #Thanksgiving feast @LonesomeDoveATX on Nov. 22, w‚Ä¶ https://t.co/47TtucDZRr",-1
1.05442671584862E+018,#Thanksgiving is the Super Bowl of food not the time to cut corners..... or carbsüòÇüòÇ https://t.co/BVKZyf7JcV,-1
1.05442668966769E+018,65+ Thanksgiving Side Dishes #easyrecipes,0
1.05442667644302E+018,//t.c‚Ä¶,1
1.05442628163753E+018,#Thanksgiving #outfitoftheday #wearable #livingroom https://t.co/jbtdgR1N2l,-1
1.05442596619652E+018,Easy Thanksgiving Wreath DIY https://t.co/f9YQn1RB2y,-1
1.05442579860054E+018,made on my sewing machine: Fall Foliage Hodge-Podge Play Dress size 2 WTOKFHP https://t.co/oosP7NeNYE,-1
1.05442569885153E+018,It‚Äôs hard to believe that #Thanksgiving is just one month away. Sen. Klobuchar fought to ensure that whether a person‚Ä¶,0
1.05442568371418E+018,SAVE THE DATE!! #cards #greetingcards #papercrafts #gifts #bookmarks #copicmarkers #christmas  #thanksgiving‚Ä¶ https://t.co/Ogkb8Xua7R,-1
1.0544255382599E+018,It‚Äôs hard to believe that #Thanksgiving is just one month away. Sen. Klobuchar fought to ensure that whether a person‚Ä¶,0
1.054425395121E+018,It‚Äôs hard to believe that #Thanksgiving is just one month away. Sen. Klobuchar fought to ensure that whether a pers‚Ä¶ https://t.co/qVh4OOREPF,0
1.05442538411939E+018,#Vintage Johnson Brothers Canterbury Pattern Blue  White Square Dinner Plate c.1970's #etsysellsvintage #followvintag,0
1.05442491005822E+018," #Halloween is a fun time. 
#Send #fun Messages in a Bottle 
all year long to someone who #needs a little treat.

https‚Ä¶",1
1.05442483280329E+018,//t.co/qv8brTikjP,-1
1.05442481391634E+018,#handmade #fabric #pumpkind perfect for #halloween #halloweendecor #Halloween2018 #etsy #etsyshop #etsyseller #etsyfin‚Ä¶,0
1.05442454799727E+018," Just right for your #Thanksgiving gathering. 
Available in five styles, 50 per package, and in white or ecru.
""Thanksgiv‚Ä¶",-1
1.05442433417169E+018,One month until #Thanksgiving ü¶Éü•ß but more importantly #BlackFriday!!! Are you guys going to #shopsmall this holiday?!?,0
1.05442416296871E+018," Please join us for another fabulous traditional #Thanksgiving ‚Äì #Family Style Luncheon at the @wyndhamalbrook 

$40 members a‚Ä¶",-1
1.05442398052073E+018,#Vintage Johnson Brothers Canterbury Pattern Blue  White Square Dinner Plate c.1970's #etsysellsvintage #followvintag‚Ä¶,0
1.05442392908163E+018,"Thanksgiving is a time of togetherness, gratitude and great food ü•ò! Our ü¶É menus are now live on the website üòÉ. Chec‚Ä¶ https://t.co/zhSpz7K0Oz",0
1.0544238151058E+018,Chef Michael Zachman and team present an over-the-top #Thanksgiving buffet on November 22! See the full #menu‚Ä¶,0
1.05442370020264E+018,Give back this fall! Help @ImagineHousing host Thanksgiving for its residents. #affordablehousing #thanksgiving https://t.co/h6DAisV5IR,0
1.05442340491538E+018,"Publishes at MIDNIGHT!
**'
A Tess and Tilly Cozy Mystery

**
A decade old mystery, a modern‚Ä¶ https://t.co/UOrYsWX0ee",0
1.05442320699874E+018,//t.co/gaCPsAee3o all this week! #turkey #rock #flyingv #thanksgiving #holidays #tshirt #turkeyshirt #b‚Ä¶,-1
1.05442292999434E+018,"Here at Sheegog Contracting, we are #thankful to serve and be part of a great and thriving community. üíõ Wishing eve‚Ä¶ https://t.co/PxOgMJ2MT6",1
1.05442254233578E+018,Never too early to plan the #Thanksgiving menu. Great idea from @nanciestable ‚Äòs Molasses Mustard Gingerbread Pound Ca‚Ä¶,0
1.05442240115971E+018,//t.co/qv8brTikjP,-1
1.05442225051288E+018,#Thanksgiving Tips: Acceptance Helps Us Relax https://t.co/qv8brTikjP,0
1.0544221970481E+018,"Just right for your #Thanksgiving gathering. 
Available in five styles, 50 per package, and in white or ecru.
""Than‚Ä¶ https://t.co/9DDtRBG0Cx",0
1.05442152053202E+018," The Dayton Convention Center, @ABC22FOX45, the Dermatologists of SW Ohio, @GDRTA, @STRATACACHE and @LegrandNA host the Annua‚Ä¶",1
1.05442149251395E+018,#Vintage Johnson Brothers Canterbury Pattern Blue  White Square Dinner Plate c.1970's #etsysellsvintage #followvintag‚Ä¶,0
1.05442114571645E+018,Anyone got any recommendations for #thanksgiving dinner in London plz?,0
1.05442090676681E+018,"Clear out the pantry at the end of the year and make this delicious #PantryPottage. Hearty and loaded with beans, s‚Ä¶ https://t.co/9QSYiXUu6X",1
1.05442077402565E+018,It‚Äôs here - the Thanksgiving menu is here. Order due by 11/15 at 5pm. Let us help make your #GlutenFree Thanksgivin‚Ä¶ https://t.co/OlAqEz9scw,0
1.05442028888724E+018,Celebra el D√≠a de Acci√≥n de Gracias con estas deliciosas ofertas para la familia. #MrSpecial #PuertoRico #November‚Ä¶ https://t.co/rVtwsYQ47Q,0
1.05442014753919E+018,JUST IN: @TBDBITL will head to NYC this #Thanksgiving to be in its first ever @Macys Thanksgiving Day Parade!‚Ä¶ https://t.co/IjpK9ImFPz,0
1.05441993724099E+018,JUST IN: @TBDBITL will head to NYC this #Thanksgiving to be in its first ever @Macys Thanksgiving Day Parade!‚Ä¶ https://t.co/4DtJY5Uha5,0
1.05441985373245E+018,//t.co/4ieRV8GCrf #ElizabethWarren #Fauxcahontas #Thanksgiving,-1
1.05441974107338E+018,"@ChrisEvans PS...Chris, the day after #Thanksgiving is the best day for Christmas music to start. Like in years pas‚Ä¶ https://t.co/qKjs35wGsn",0
1.05441971262334E+018,For Sale via my #EtsyShop #galleryantiques #Vintage French Art Deco Glass Triangular Knife / Cutlery Rests 1920s / 30s‚Ä¶,0
1.05441948103498E+018,Help us help others this Thanksgivings season! #KindnessMatters #Thanksgiving #givingback #community https://t.co/dXSZOzzFl4,-1
1.05441938592908E+018,//t.co/4ieRV8GCrf #ElizabethWarren #Fauxcahontas #Thanksgiving,-1
1.05441923302998E+018,"""I thank my Creator for what i had wished and having today""...
#MondayMotivation 
#Thanksgiving 
#believeinyourself 
#goodnight",1
1.05441898645526E+018,//t.co/TiHLzoRBcR‚Ä¶,-1
1.05441872683197E+018,The best way to #prospect during the holidays is to start earlier and be unique. This #Halloween deliver bags of fu‚Ä¶ https://t.co/CU7iTgFq5m,-1
1.05441862505298E+018,For Sale via my #EtsyShop #galleryantiques #Vintage French Art Deco Glass Triangular Knife / Cutlery Rests 1920s / 30s‚Ä¶,0
1.05441856384554E+018,Our #Thanksgiving Food Frenzy starts tomorrow! This friendly competitive Food + Fund Drive is open to all groups. Raise the‚Ä¶,1
1.05441833107828E+018,THANKSGIVING Turkey - Primitive Table Decor - Rustic Shelf sitt‚Ä¶,0
1.05441831947284E+018,"Happy #MeatlessMonday! The perfect excuse to eat #Chocolate!

https://t.co/ACevx8FDdH

#ChocolateBar #Artisanal‚Ä¶ https://t.co/WnXT3Tyjz2",0
1.05441827325153E+018," ü¶É üå≤üéÉ Decorative Holidays Stainless Steel Butter Cheese Knife Spreaders set of 5 üéÑ

Check it out -&gt; https://t.co/gfoGAbrn9E‚Ä¶",0
1.05441822561683E+018," Christmas Ball Platter from Noritake a Large Oval Dinner Tray with 22K Gold Trim, Gold Markings, Made in Japan,  Vintag‚Ä¶",0
1.05441822274373E+018," Vintage Postcard, Turkey &amp; Pumpkin in Autumn Cornucopia Arrangement with Embossing and Gold Gild, Vintage Thanksgiving‚Ä¶",1
1.05441812504168E+018,"ü¶É üå≤üéÉ Decorative Holidays Stainless Steel Butter Cheese Knife Spreaders set of 5 üéÑ

Check it out -&gt;‚Ä¶ https://t.co/Xt74zTH3LQ",0
1.05441803772884E+018," Vintage Homer Laughlin Cavalier Eggshell USA J59N5, 52 pcs, Wheat Pattern, Platinum Trim, Set for 8 + Extras, 1960 Mid‚Ä¶",0
1.0544180220631E+018,No Jive @ https://t.co/BUvurWMItJ,-1
1.05441764887055E+018,The season Of Giving Thanks is coming!  Let @whoshungryla cook your #Holiday meal for #Thanksgiving #Dinner  Contact us b‚Ä¶,-1
1.05441758696697E+018,"üçÇTurkey day is just around the corner and that means stuffed turkey, holiday ham, pumpkin pie, candied yams and mor‚Ä¶ https://t.co/sunkOfwVR3",-1
1.05441740398623E+018,"Vintage Postcard, Turkey &amp; Pumpkin in Autumn Cornucopia Arrangement with Embossing and Gold Gild, Vintage Thanksgiv‚Ä¶ https://t.co/aQhk8yMIhs",0
1.05441725903531E+018,The holidays are a great time to practice the #foundersmindset with your kids. Ask them how they'd like to contribu‚Ä¶ https://t.co/mxQhvNrXLM,0
1.05441723117251E+018,These #thanksgiving ideas from around the world will make your #celebration extra special: https://t.co/kr4CXvaI47,-1
1.05441723057697E+018,These #thanksgiving ideas from around the world will make your #celebration extra special: https://t.co/709edtv0Re,-1
1.05441723012399E+018,These #thanksgiving ideas from around the world will make your #celebration extra special: https://t.co/2rH2abSip9,-1
1.05441714722359E+018,We can't think of a better way to begin Treasured Celebrations than at Jen's front door. Visit her blog to see more‚Ä¶ https://t.co/I49JRlA3SP,1
1.05441710343079E+018,"Spend your Thanksgiving holiday with us - enjoy a delicious selection of seafood and traditional favorites ü¶É
Call t‚Ä¶ https://t.co/PFtI7VDr1M",1
1.05441710159368E+018,Cranberry pecan #cookies are a must-have for any #Thanksgiving dessert table! #NationalNutDay,0
1.05441710138817E+018,"Si celebras fiestas for√°neas, hazlo bien #Thanksgiving",0
1.05441709731541E+018,#Paleo &  #Vegan Scalloped Sweet Potatoes are perfect for #Thanksgiving! https://t.co/531HlJGfqa,0
1.05441696513201E+018,Not everyone can put a turkey on their table this #thanksgiving ... #fooddrive #comingsoon https://t.co/xznamzXZ8N,-1
1.0544166035075E+018,//t.co/U3itbGhUfk  #vintage #Thanks‚Ä¶,1
1.05441634504179E+018,#Top10 Reasons to celebrate #Thanksgiving in #ParkCity.  Here's one of the best reasons: take advantage of the lowe‚Ä¶ https://t.co/1bxOaoh790,0
1.05441613640884E+018," #ThankYou  For  Handling That.  And
#Thanksgiving  for knowing how to do it. 
      üçÅ #GodBlessAmerica.
   #Appreciation‚Ä¶",1
1.0544159359505E+018,For Sale an #Antique #Georgian Sterling Silver Pounce Pot Queen Anne Style by Rebecca Emes and Edward Barnard I Hallma‚Ä¶,0
1.05441502918376E+018,//t.co/ce0LcUFJO3 via @eBay‚Ä¶,0
1.0544147475489E+018,"Thanksgiving is right around the corner.
See more Thanksgiving designs at https://t.co/SxYIM6dIh1",0
1.05441437864314E+018," Christmas Ball Platter from Noritake a Large Oval Dinner Tray with 22K Gold Trim, Gold Markings, Made in Japan,  Vintag‚Ä¶",0
1.05441434651478E+018," Vintage Homer Laughlin Cavalier Eggshell USA J59N5, 52 pcs, Wheat Pattern, Platinum Trim, Set for 8 + Extras, 1960 Mid‚Ä¶",0
1.05441414856459E+018," Please join us for another fabulous traditional #Thanksgiving ‚Äì #Family Style Luncheon at the @wyndhamalbrook 

$40 members a‚Ä¶",0
1.05441402070109E+018,#harvestgifts #hocuspocus #thanksgiving #halloween #halloweenparty Hocus Pocus Magical Meal &  Spa Gift Basket: https://t.co/uZdlcc2s3t,0
1.05441394147089E+018,@SummerDashe Woah. Woah. Woah. #Thanksgivingü¶É NEVER gets the respect it deserves!!! It‚Äôs like the ‚ÄòJan Brady‚Äô of ho‚Ä¶ https://t.co/U2dH5if0Vr,-1
1.05441372298535E+018,#Vintage Johnson Brothers Canterbury Pattern Blue &  White Square Dinner Plate c.1970's #etsysellsvintage #followvintag‚Ä¶,0
1.05441344222707E+018,"November Family Tradition to Celebrate Thanksgiving
#Family",0
1.05441333969306E+018,Handmade Crochet Cotton #Kitchen Dish Cloths Washcloths Set of 4 (2 Solid Beige 2 Cream Print)‚Ä¶ https://t.co/MLtdQVojE6,0
1.05441308912529E+018,//t.c‚Ä¶,1
1.05441290574606E+018,The season Of Giving Thanks is coming!  Let @whoshungryla cook your #Holiday meal for #Thanksgiving #Dinner  Contac‚Ä¶ https://t.co/oipr88PucY,-1
1.05441266830671E+018,#handmade #fabric #pumpkind perfect for #halloween #halloweendecor #Halloween2018 #etsy #etsyshop #etsyseller #etsyfin‚Ä¶,0
1.05441254604694E+018,#Vintage Johnson Brothers Canterbury Pattern Blue &  White Square Dinner Plate c.1970's #etsysellsvintage #followvintag‚Ä¶,0
1.05441247132954E+018,"#Leaf #Dishes - set of 5 #leaves #Fall #Foliage #ceramics - #Thanksgiving #pottery decor #hostess gift, #Autumn‚Ä¶ https://t.co/JjqJoYukav",-1
1.05441223217033E+018,"Check out #MyListings.
Call me today 248.390.3930.
#MoveIn BEFORE #Thanksgiving?
https://t.co/EWhScUhJR0",0
1.05441220407267E+018,//t.co/RcdHQ2dRRU via @eBay #h‚Ä¶,0
1.05441180599129E+018," NOW TAKING ORDERS 
 201-670-7575
#Thanksgiving https://t.co/6fRY3NZkWs",0
1.05441152482599E+018,//t.c‚Ä¶,1
1.0544113139995E+018,"Dear Friends, we are now accepting reservations for #Thanksgiving . 
Please call our reservation line: 212-673-0390‚Ä¶ https://t.co/TYFnPrXlU1",0
1.05442788324511E+018," Wow.

Colin Kaepernick has filed to trademark his likeness to sell products for the highest bidder.

No time to put toge‚Ä¶",-1
1.05442786290693E+018,#Blacklivesmatter #Blacklivesmatter #Blacklivesmater #Blacklivesmatter #Blacklivesmatter #Blacklivesmatter‚Ä¶ https://t.co/XonLXjIKAi,0
1.05442783288812E+018," Wow.

Colin Kaepernick has filed to trademark his likeness to sell products for the highest bidder.

No time to put toge‚Ä¶",1
1.05442781441658E+018," Wow.

Colin Kaepernick has filed to trademark his likeness to sell products for the highest bidder.

No time to put toge‚Ä¶",1
1.0544278086913E+018," ""When the color of your skin is seen as a weapon, you will never be seen as unarmed."" #BlackLivesMatter #BlackoutDC http‚Ä¶",-1
1.05442775682873E+018," Wow.

Colin Kaepernick has filed to trademark his likeness to sell products for the highest bidder.

No time to put toge‚Ä¶",1
1.05442774168309E+018," 8,666 views! This is extremely dangerous to our democracy. #MeToo #TimesUp #BlackLivesMatter #Resistance #Resist
#Believ‚Ä¶",0
1.05442773542525E+018," Wow.

Colin Kaepernick has filed to trademark his likeness to sell products for the highest bidder.

No time to put toge‚Ä¶",1
1.05442763958523E+018," Some of the history of this #series for me, &amp; part of my #motivation behind
my series #civilRightsInCrisis

See above Th‚Ä¶",0
1.05442763612085E+018," Wow.

Colin Kaepernick has filed to trademark his likeness to sell products for the highest bidder.

No time to put toge‚Ä¶",1
1.05442760051123E+018," BLM has stated from the beginning that we must fight for those at the margins, Black trans folk who have been been toss‚Ä¶",-1
1.05442755562785E+018," Wow.

Colin Kaepernick has filed to trademark his likeness to sell products for the highest bidder.

No time to put toge‚Ä¶",-1
1.05442748102377E+018,#BlackLivesMatter @Ryanair #HumanRights https://t.co/m1KGVT65HL,0
1.05442729337906E+018,"You are a great example of literal bravery ...

#BlackLivesMatter #greypride #pride #proud #lesbian #cheetohitler‚Ä¶ https://t.co/djrgK6ThOW",0
1.05442723099292E+018,"Wow.

Colin Kaepernick has filed to trademark his likeness to sell products for the highest bidder.

No time to put‚Ä¶ https://t.co/dkgT1NcMS9",-1
1.05442716632945E+018," BLM has stated from the beginning that we must fight for those at the margins, Black trans folk who have been been toss‚Ä¶",1
1.05442706248687E+018,All people are human and of worth. We are all God's people. That includes--make sure you're listening‚Ä¶ https://t.co/7QgGcHtDQm,0
1.05442699864945E+018,//t.co/0dN66xFcZT,-1
1.05442665426373E+018,//t.co/07MilrBnvN,-1
1.0544265478961E+018,#pedrotime #vegasnightnyc #arte #Yolo #swag #illuminati #illustration #nba #derp #blacklivesmatter #lgbt #dankmemes‚Ä¶ https://t.co/8O0UdPfirx,0
1.05442639094109E+018," Black people die at the hands of police much, much more often than white people. Until we fix that, we should all be sayi‚Ä¶",0
1.05442625717211E+018," BLM has stated from the beginning that we must fight for those at the margins, Black trans folk who have been been toss‚Ä¶",-1
1.0544262400971E+018,I'll Kneel with you! #BlackLivesMatter #Resist #BlueWaveComing #VoteBlue #KneelAtNazis ü•∞üí• https://t.co/yCwI9Jumr8,-1
1.05442618876303E+018,//t.co/0dN66xFcZT,0
1.05442587963863E+018,//t.co/0dN66xFcZT,0
1.05442570390572E+018," ""As Muslims, are we not supposed to be the ones at the front for social justice?""

Participants respond to a renowned Islam‚Ä¶",0
1.05442567632811E+018,@DavidCornDC @realDonaldTrump Donald trump won't release them because of russian collusion . #democrats #BlackLivesMatter,-1
1.05442566987722E+018,//t.co‚Ä¶,0
1.05442566947869E+018,"#RepublicansAreDoingEvil #VoteThemOut 

#BlueWave2018 back to #Truth #Honor and #Morals. 

#MeToo #BlackLivesMatter‚Ä¶ https://t.co/P9lp1iPPGY",0
1.05442566619034E+018,"#TrumpLies and #Corruption everywhere. 

#RepublicansAreDoingEvil #VoteThemOut 

#BlueWave2018 back to sanity.‚Ä¶ https://t.co/2hZlPWITzS",0
1.05442565913974E+018,"Vote #BlueWave2018 for #Truth 

#MeToo #BlackLivesMatter #NeverAgain #ProtectTheEnvironment #KeepFamiliesTogether‚Ä¶ https://t.co/VU62KTNTku",0
1.05442563331538E+018,"#BlueWave2018 back to reality. 

Vote 

#MeToo #BlackLivesMatter #NeverAgain #ProtectTheEnvironment‚Ä¶ https://t.co/l48JifTBD9",0
1.05442562258649E+018,"Nazis are not good people, #BlackLivesMatter! White supremacy is disgusting. That should not need to be said, but u‚Ä¶ https://t.co/8uPjv0INaU",-1
1.05442561521279E+018,"Straight white man here.  Husband, father of 3.

#Truth #Honor and #Morals matter. 

#RepublicansAreDoingEvil‚Ä¶ https://t.co/VptNNgNebO",-1
1.05442561300659E+018,"#TrumpLies 

#RepublicansAreDoingEvil #VoteThemOut 

#BlueWave2018 back to reality. 

#MeToo #BlackLivesMatter‚Ä¶ https://t.co/OJuwDhsVkF",0
1.05442561093038E+018,"Sick putz

Vote #BlueWave2018 back to #Honor 

#MeToo #BlackLivesMatter #NeverAgain #ProtectTheEnvironment‚Ä¶ https://t.co/EX3m9FU6lq",0
1.05442560455089E+018,"#RepublicansAreDoingEvil #VoteThemOut 

#BlueWave2018 back to #Honor and sanity. 

#MeToo #BlackLivesMatter‚Ä¶ https://t.co/nzWsENtSSf",0
1.05442560346036E+018,"#RepublicansAreDoingEvil #VoteThemOut 

#BlueWave2018 back to #Honor 

#MeToo #BlackLivesMatter #NeverAgain‚Ä¶ https://t.co/ofyCxtKere",0
1.05442560186233E+018,"Vote #BlueWave2018 back to sanity. 

#MeToo #BlackLivesMatter #NeverAgain #ProtectTheEnvironment‚Ä¶ https://t.co/fBCLGeWFO1",0
1.05442560150167E+018,"Vote #BlueWave2018 back to #Honor, #Morals,  and sanity. 

#RepublicansAreDoingEvil #VoteThemOut 

#MeToo‚Ä¶ https://t.co/a2rCLLqNKA",0
1.054425600927E+018,"#TrumpLies 

#BlueWave2018 back to reality. 

#MeToo #BlackLivesMatter #NeverAgain #ProtectTheEnvironment‚Ä¶ https://t.co/dx9CJljb9T",0
1.0544255948621E+018,"#RepublicansAreDoingEvil #VoteThemOut 

#BlueWave2018 back to #Honor and sanity. 

#MeToo #BlackLivesMatter‚Ä¶ https://t.co/dbP88TnMxY",0
1.05442558407848E+018,"#BlueWave2018 

Vote!

#MeToo #BlackLivesMatter #NeverAgain #ProtectTheEnvironment #KeepFamiliesTogether #TakeAKnee‚Ä¶ https://t.co/OyHjKD3G1b",0
1.05442558406167E+018,"#BlueWave2018 back to #Honor. 

#MeToo #BlackLivesMatter #NeverAgain #ProtectTheEnvironment #KeepFamiliesTogether‚Ä¶ https://t.co/KzUGttcIzm",1
1.05442553771475E+018,@Channel4News Why didn't @Ryanair throw this racist person of the plane? He threatened her with physical violence.‚Ä¶ https://t.co/fex1eJVgNO,-1
1.05442553030766E+018,"Sue the hell out of @Ryanair for #discrimination. 
#Blacklivesmatter https://t.co/AkgFT17eij",-1
1.05442516616239E+018," @CNN üò¢My prayers go out to the family of all 3 men. Because of senseless violence, 3 #BlackMen have been taken from thei‚Ä¶",0
1.05442509138217E+018,Police officers in the US were charged with more than 400 rapes over a 9-year period - CNN Not only do #BlackLivesMatt‚Ä¶,0
1.05442508112271E+018,"I come on to twitter, I get harassed ...

Someone says ""don't follow NPC"" and I don't even know what that is.

And‚Ä¶ https://t.co/QFAai96OJm",0
1.05442505332718E+018," 8,666 views! This is extremely dangerous to our democracy. #MeToo #TimesUp #BlackLivesMatter #Resistance #Resist
#Believ‚Ä¶",0
1.0544249048403E+018,"@marcywriter @Lydie117 @JillWineBanks #VoteForYourLifeüåä 
#SheWOKEüí≠ #SheVoteüí™‚òëÔ∏è  #RockTheVote #MeToo
#ThisTrainüèÑüèΩ‚Äç‚ôÄÔ∏è‚Ä¶ https://t.co/0bihfiz4mz",-1
1.05442489310904E+018," ""As Muslims, are we not supposed to be the ones at the front for social justice?""

Participants respond to a renowned Islam‚Ä¶",-1
1.05442484250475E+018," ""As Muslims, are we not supposed to be the ones at the front for social justice?""

Participants respond to a renowned Islam‚Ä¶",-1
1.05442469506635E+018,"@miracleguppy #VoteForYourLifeüåä 
#SheWOKEüí≠ #SheVoteüí™‚òëÔ∏è  #RockTheVote #MeToo
#ThisTrainüèÑüèΩ‚Äç‚ôÄÔ∏èüèÑüèø‚Äç‚ôÄÔ∏èüèÑüèº‚Äç‚ôÄÔ∏èüåä‚Ä¶ https://t.co/dfujmCtPgO",-1
1.05442467779843E+018," @miracleguppy #RulesOfEngagement RagTagRapTag‚Ñ¢ #NativeVote
#IndigenousVote #TrueBlue #WeAreThePeople #VoteGirl #Climate‚Ä¶",1
1.05442462431686E+018,"@terrigirl2 #VoteForYourLifeüåä 
#SheWOKEüí≠ #SheVoteüí™‚òëÔ∏è  #RockTheVote #MeToo
#ThisTrainüèÑüèΩ‚Äç‚ôÄÔ∏èüèÑüèø‚Äç‚ôÄÔ∏èüèÑüèº‚Äç‚ôÄÔ∏èüåä #ElectionTrain‚Ä¶ https://t.co/U5j0qd7m4V",-1
1.05442462138518E+018,//t.co/0dN66xFcZT,-1
1.05442458744491E+018," 8,666 views! This is extremely dangerous to our democracy. #MeToo #TimesUp #BlackLivesMatter #Resistance #Resist
#Believ‚Ä¶",0
1.05442458181598E+018,"@terrigirl2 #VoteForYourLifeüåä 
#SheWOKEüí≠ #SheVoteüí™‚òëÔ∏è  #RockTheVote #MeToo
#ThisTrainüèÑüèΩ‚Äç‚ôÄÔ∏èüèÑüèø‚Äç‚ôÄÔ∏èüèÑüèº‚Äç‚ôÄÔ∏èüåä #ElectionTrain‚Ä¶ https://t.co/TEox3LK4B8",0
1.0544245631681E+018,"@ksieff @itsallbs2017 #VoteForYourLifeüåä 
#SheWOKEüí≠ #SheVoteüí™‚òëÔ∏è  #RockTheVote #MeToo
#ThisTrainüèÑüèΩ‚Äç‚ôÄÔ∏èüèÑüèø‚Äç‚ôÄÔ∏èüèÑüèº‚Äç‚ôÄÔ∏èüåä‚Ä¶ https://t.co/1TFBoU3y1G",0
1.05442449796345E+018,//t.co/N7htMPDHzc ‚Ä¶ #Democracy #WomensRights #LGBTQRights #BlackLivesMatter #Cli‚Ä¶,1
1.0544243221887E+018,black people america says it has no money for #reparations $7000 a head. you count! I say there's your reparations‚Ä¶ https://t.co/JWhAixthtZ,-1
1.05442430492481E+018,"#BlackTwitter #BlackLivesMatter #blackgirlmagic  
I want be President of the United States of America and I only wa‚Ä¶ https://t.co/w4byeE3o6Z",1
1.05442424150709E+018," Making a donation to the @Dreamdefenders 

They are a civil rights organization on the right side of history. #BlackLives‚Ä¶",1
1.054424207185E+018,The world will try to destroy the truth because it doesn‚Äôt know that the truth is King. Welcome to the right side o‚Ä¶ https://t.co/OXkDMWZFHX,0
1.05442417559351E+018," @Merciless365 #VoteForYourLifeüåä 
#SheWOKEüí≠ #SheVoteüí™‚òëÔ∏è  #RockTheVote #MeToo
#ThisTrainüèÑüèΩ‚Äç‚ôÄÔ∏èüèÑüèø‚Äç‚ôÄÔ∏èüèÑüèº‚Äç‚ôÄÔ∏èüåä #ElectionTrainüëäüèΩ‚Ä¶",0
1.05442410003306E+018,"#VoteForYourLifeüåä 
#SheWOKEüí≠ #SheVoteüí™‚òëÔ∏è  #RockTheVote #MeToo
#ThisTrainüèÑüèΩ‚Äç‚ôÄÔ∏èüèÑüèø‚Äç‚ôÄÔ∏èüèÑüèº‚Äç‚ôÄÔ∏èüåä #ElectionTrainüëäüèΩüëäüèæüëäüèº‚òëÔ∏è‚Ä¶ https://t.co/e4TtzPslUt",0
1.05442407251842E+018,"you guys are so amazing ...

#BlackLivesMatter #greylivesmatter #lesbian #queer #proud #pride https://t.co/mbgeYWC2Rj",1
1.05442403024004E+018," May I say that Star Trek gave me hope as a little girl ... and you gave me a whole lotta hope as a woman.

Thank you for bein‚Ä¶",1
1.05442398818355E+018,"@Merciless365 #VoteForYourLifeüåä 
#SheWOKEüí≠ #SheVoteüí™‚òëÔ∏è  #RockTheVote #MeToo
#ThisTrainüèÑüèΩ‚Äç‚ôÄÔ∏èüèÑüèø‚Äç‚ôÄÔ∏èüèÑüèº‚Äç‚ôÄÔ∏èüåä‚Ä¶ https://t.co/bi6q36Bhbf",0
1.05442373860161E+018," 8,666 views! This is extremely dangerous to our democracy. #MeToo #TimesUp #BlackLivesMatter #Resistance #Resist
#Believ‚Ä¶",-1
1.05442373656304E+018,Who do you call when cops kill? #streetart #houstonstreetart #mural #houston #blacklivesmatter @ Chapultepec Lupita https://t.co/zh45R8T1uQ,-1
1.05442371914843E+018," This weekend @BlackGirlsHike took 70 women out hiking in Conifer, CO and a white woman and her friend called them a ‚Äúmob‚Äù‚Ä¶",0
1.0544235994261E+018,"8,666 views! This is extremely dangerous to our democracy. #MeToo #TimesUp #BlackLivesMatter #Resistance #Resist‚Ä¶ https://t.co/wRd2YA48S1",-1
1.05442357830371E+018,Where you live  does not define who you are- #TheHateUGive #BlackLivesMatter #BlackMoviesMatter #MoviesThatMoveMe,0
1.05442355161117E+018,"@CNN üò¢My prayers go out to the family of all 3 men. Because of senseless violence, 3 #BlackMen have been taken from‚Ä¶ https://t.co/DJsApFDwiW",-1
1.05442352841246E+018,@Ryanair How dare you tweet so blas√© when your company and staff have allowed  racial hatred to be tolerated and accepted? Wh‚Ä¶,-1
1.05442348345792E+018,"What @stephenasmith and @damienwoody are missing, no matter their points, is the point Dubois, Hegel, Nietzsche and‚Ä¶ https://t.co/AnFIGKUK4g",0
1.05442346703286E+018,//t.co/0dN66xFcZT,0
1.05442335057816E+018," Black people die at the hands of police much, much more often than white people. Until we fix that, we should all be sayi‚Ä¶",-1
1.05442331816452E+018," Some of the history of this #series for me, &amp; part of my #motivation behind
my series #civilRightsInCrisis

See above Th‚Ä¶",1
1.054423265287E+018," ""As Muslims, are we not supposed to be the ones at the front for social justice?""

Participants respond to a renowned Islam‚Ä¶",0
1.05442287017936E+018,Amazed how this article has taken off! Thanks to everyone sharing it! #parentingtips #momofboys #faith #BlackBoysRock #‚Ä¶,1
1.05442274836001E+018,//t.co/0dN66xFcZT,0
1.05442268536143E+018,"I #resistsohard? -- I am literally shaking ...

#BlackLivesMatter #Greylivesmatter https://t.co/HXr3QhGOEA",0
1.05442255814419E+018,"@WilmingtonToday @AspenHeights @UNCWilmington #Blacklivesmatter 
 
Not trying to be one of those crazy black lives‚Ä¶ https://t.co/2iKrfCaX75",0
1.05442246509771E+018,attention black communities! my bad their aren't any anymoreüòê. where the he'll all these people gonna stay? Baldwin‚Ä¶ https://t.co/dlEIL91owU,-1
1.05442244266653E+018," Now that‚Äôs what I‚Äôm talkin‚Äô bout! 
It‚Äôs never too late for us to unify ‚úäüèøüíï
Rihanna May Have Kick-Started a Celebrity Boyco‚Ä¶",1
1.05442239194901E+018,"//t.co/WB6acEBxYy

COPS BEAT DOWN CHILD..THEN USE NEW CATCH PHRASE ""THE VIDEO DOESN'T SHOW THE WHOLE STORY""....‚Ä¶",-1
1.05442237809108E+018,"//t.co/bvQnNsuH9N

DEVIOUS COPS THINK UP NEW SCHEME TO GET RID OF BODY CAMERAS....

#1FIRST #News #Newsnight #Ne‚Ä¶",-1
1.05442232181606E+018,Absolutely so true. The dawn of #BlackLivesMatter and #MeToo really made people conscious of how Twitter can be use‚Ä¶ https://t.co/aRJLJcZMbY,0
1.05442229181408E+018,My wife and me showing support for #BlackLivesMatter today! Every little bit helps‚úä‚úä‚úä #resist #BlueWave üôåüôå Go #Dolphin‚Ä¶,0
1.05442211362758E+018,@CalebJHull It‚Äôs OK to kill Jewish journalists as long as they‚Äôve been mistaken by #BlackLivesMatter  operatives for ordinary W‚Ä¶,-1
1.05442204133863E+018,"May I say that Star Trek gave me hope as a little girl ... and you gave me a whole lotta hope as a woman.

Thank yo‚Ä¶ https://t.co/nCDod1nPgs",1
1.05442190996481E+018," BLM has stated from the beginning that we must fight for those at the margins, Black trans folk who have been been toss‚Ä¶",0
1.05442184845101E+018," This weekend @BlackGirlsHike took 70 women out hiking in Conifer, CO and a white woman and her friend called them a ‚Äúmob‚Äù‚Ä¶",-1
1.05442184438263E+018," ""As Muslims, are we not supposed to be the ones at the front for social justice?""

Participants respond to a renowned Islam‚Ä¶",0
1.05442180385314E+018," ""As Muslims, are we not supposed to be the ones at the front for social justice?""

Participants respond to a renowned Islam‚Ä¶",0
1.05442170997189E+018,"This weekend @BlackGirlsHike took 70 women out hiking in Conifer, CO and a white woman and her friend called them a‚Ä¶ https://t.co/GJxRylwzLl",-1
1.05442152716326E+018," Just saw @TheHateUGive .Feeling raw, battered and bruised. Almost as stunning as the book @angiecthomas . Am delighted to‚Ä¶",-1
1.05442716753736E+018,//t.co/xggHCNrV‚Ä¶,0
1.0544189610755E+018,"//t.co/u00bSgVqrz

#RoarWithPride https://t.c‚Ä¶",0
1.05439356324772E+018,"Happy Monday, everyone! Our deadline for the Songwriting Competition is THIS FRIDAY, so make sure to send us your d‚Ä¶ https://t.co/pLax0GJcFX",1
1.05437204103663E+018,"From @FrontRowSoccer: Finishing in fine fashion: @HofstraWSOC triumph, clinch @CAASports 3rd seed -‚Ä¶ https://t.co/B8zABeIbFt",0
1.05436336914528E+018,//t.co/xggHCNrV‚Ä¶,0
1.05433953212298E+018,"57. #Hofstra leads, 1-0. #RoarWithPride http‚Ä¶",1
1.05433359566448E+018,#HOFSTRA WINS! Pride makes a STATEMENT in @CAASports with a four-set win over James Madison. Doris Bogoje with 12 blocks‚Ä¶,1
1.05424621863157E+018," GAME TIME! #Hofstra hosts Charleston NOW! #RoarWithPride

üé• (Pride Productions Video/Audio) - https://t.co/BuR7YH2T‚Ä¶",-1
1.05418191229254E+018," Awesome week for #Hofstra in @CAASports play. @HofstraWSOC, @HofstraMSOC, @HofstraFH1 and @HofstraVB combined for a 5-1‚Ä¶",1
1.05415595482726E+018," #Hofstra wins the second set over James Madison, 25-22. Laura Masciullo leads the Pride with nine kills. #RoarWithPride‚Ä¶",0
1.05415592155381E+018," #Hofstra wins the third set over James Madison, 28-26, and leads the match two sets to one. Laura Masciullo continues to‚Ä¶",1
1.05413889705002E+018,"From @FrontRowSoccer: Finishing in fine fashion: @HofstraWSOC triumph, clinch @CAASports 3rd seed -‚Ä¶ https://t.co/U2mTkrwNj8",0
1.05413084964873E+018," Awesome week for #Hofstra in @CAASports play. @HofstraWSOC, @HofstraMSOC, @HofstraFH1 and @HofstraVB combined for a 5-1‚Ä¶",1
1.05412777920425E+018,"Awesome week for #Hofstra in @CAASports play. @HofstraWSOC, @HofstraMSOC, @HofstraFH1 and @HofstraVB combined for a‚Ä¶ https://t.co/b6H0PgYHMt",1
1.05411647696427E+018,//t.co/XrG3Q1TR90,0
1.05411559612267E+018,#Hofstra WINS! Pride picks up a 1-0 win over Charleston. Sabrina Bryan's first half goal stands up. #RoarWithPride h‚Ä¶,1
1.0541138572188E+018,"//t.co/u00bSgVqrz

#RoarWithPride https://t.c‚Ä¶",0
1.05411333949069E+018,#HOFSTRA WINS! Pride makes a STATEMENT in @CAASports with a four-set win over James Madison. Doris Bogoje with 12 blocks‚Ä¶,0
1.05410878187188E+018,#HOFSTRA WINS! Pride makes a STATEMENT in @CAASports with a four-set win over James Madison. Doris Bogoje with 12 blocks‚Ä¶,0
1.05410625449315E+018,WSOC: #Hofstra Wraps Up Regular Season With Win Over Charleston #RoarWithPride https://t.co/XrG3Q1TR90,0
1.05410446159188E+018,#HOFSTRA WINS! Pride makes a STATEMENT in @CAASports with a four-set win over James Madison. Doris Bogoje with 12 blocks‚Ä¶,0
1.05410221135199E+018,"//t.co/u00bSgVqrz

#RoarWithPride https://t.c‚Ä¶",0
1.05410212901784E+018,"VB: #Hofstra Makes Statement In @CAASports With Win Over James Madison - https://t.co/u00bSgVqrz

#RoarWithPride https://t.co/Y5Uku4zko3",0
1.05410196989009E+018,#Hofstra WINS! Pride picks up a 1-0 win over Charleston. Sabrina Bryan's first half goal stands up. #RoarWithPride h‚Ä¶,1
1.0540948004489E+018," #Hofstra wins the second set over James Madison, 25-22. Laura Masciullo leads the Pride with nine kills. #RoarWithPride‚Ä¶",1
1.05409452250496E+018,02 to play to give the Pride a 1-0 lead over James Madison. #RoarWithPride,0
1.05409108913571E+018,#HOFSTRA WINS! Pride makes a STATEMENT in @CAASports with a four-set win over James Madison. Doris Bogoje with 12 blocks‚Ä¶,1
1.05408669946941E+018,#HOFSTRA WINS! Pride makes a STATEMENT in @CAASports with a four-set win over James Madison. Doris Bogoje with 12 blocks‚Ä¶,1
1.05408606899846E+018,#HOFSTRA WINS! Pride makes a STATEMENT in @CAASports with a four-set win over James Madison. Doris Bogoje with 12 blocks‚Ä¶,1
1.05408598051958E+018,#Hofstra WINS! Pride picks up a 1-0 win over Charleston. Sabrina Bryan's first half goal stands up. #RoarWithPride h‚Ä¶,1
1.05408585613337E+018,#Hofstra WINS! Pride picks up a 1-0 win over Charleston. Sabrina Bryan's first half goal stands up. #RoarWithPride h‚Ä¶,1
1.05408579592825E+018,WSOC: #Hofstra WINS! Pride picks up a 1-0 win over Charleston. Sabrina Bryan's first half goal stands up.‚Ä¶ https://t.co/QmHPLLqsoD,1
1.05408545686077E+018,#HOFSTRA WINS! Pride makes a STATEMENT in @CAASports with a four-set win over James Madison. Doris Bogoje with 12 blocks‚Ä¶,1
1.05408540965787E+018,VB: #HOFSTRA WINS! Pride makes a STATEMENT in @CAASports with a four-set win over James Madison. Doris Bogoje with‚Ä¶ https://t.co/e4Aw8iqxvi,1
1.05407913531899E+018," #Hofstra wins the third set over James Madison, 28-26, and leads the match two sets to one. Laura Masciullo continues to‚Ä¶",1
1.05407901440139E+018," #Hofstra wins the third set over James Madison, 28-26, and leads the match two sets to one. Laura Masciullo continues to‚Ä¶",1
1.05407885302542E+018,"VB: #Hofstra wins the third set over James Madison, 28-26, and leads the match two sets to one. Laura Masciullo con‚Ä¶ https://t.co/v6Y6kkPqHZ",1
1.0540788343525E+018," #Hofstra still leads Charleston 1-0, midway through the second half. #RoarWithPride",0
1.0540787879593E+018,"WSOC: #Hofstra still leads Charleston 1-0, midway through the second half. #RoarWithPride",0
1.05407844905116E+018,//t.co/Kviwl4LmS3,0
1.05407112046548E+018,At @HofstraU for final @CAASports regular season home game. Charleston at @HofstraWSOC #Hofstra #RoarWithPride https://t.co/uBDBQXybvf,0
1.05407110115904E+018,"57. #Hofstra leads, 1-0. #RoarWithPride http‚Ä¶",0
1.05406978440344E+018," #Hofstra wins the second set over James Madison, 25-22. Laura Masciullo leads the Pride with nine kills. #RoarWithPride‚Ä¶",1
1.05406962482681E+018,"VB: #Hofstra wins the second set over James Madison, 25-22. Laura Masciullo leads the Pride with nine kills.‚Ä¶ https://t.co/iUgxUPtRut",1
1.05406961889199E+018,//t.co/Kviwl4LmS3,0
1.05406944111649E+018,//t.co/Kviwl4LmS3,0
1.05406937984182E+018,WSOC: Halftime at #Hofstra Soccer Stadium. #RoarWithPride https://t.co/Kviwl4LmS3,0
1.05406253862162E+018," #Hofstra drops the first set to James Madison, 25-20. Laura Masciullo with five kills for the Pride. #RoarWithPride http‚Ä¶",0
1.05406239260121E+018,"VB: #Hofstra drops the first set to James Madison, 25-20. Laura Masciullo with five kills for the Pride.‚Ä¶ https://t.co/LvH37sij74",0
1.05406076765645E+018,"57. #Hofstra leads, 1-0. #RoarWithPride http‚Ä¶",0
1.05406007420378E+018,"57. #Hofstra leads, 1-0. #RoarWithPride http‚Ä¶",0
1.05405880741478E+018,"WSOC: Sabrina Bryan with her ninth goal of the season from Jenn Buoncore at 2:57. #Hofstra leads, 1-0.‚Ä¶ https://t.co/d6wKZgB4Q3",0
1.05405762376561E+018,WSOC: Today's live video stream between #Hofstra and Charleston will not have an audio component due to technical i‚Ä¶ https://t.co/xcFs1DaVko,0
1.05405546384991E+018,"WSOC: GAME TIME! #Hofstra and Charleston starts NOW! #RoarWithPride

üé• (Pride Productions Video/Audio) -‚Ä¶ https://t.co/1I7l6FYkVE",1
1.05405546277199E+018,"WSOC: GAME TIME! #Hofstra hosts Charleston NOW! #RoarWithPride

üé• (Pride Productions Video/Audio) -‚Ä¶ https://t.co/3TdwDWzyRu",1
1.05405498103092E+018," HOFSTRA UNIVERSITY, Hempstead, New York - Class of 1974 - Pinback Button #HOFSTRA #Classof1974 #Vintage #Buttons #Shopping‚Ä¶",-1
1.05405481675698E+018," #Hofstra hosts Charleston at 1 p.m. in the regular season finale. #RoarWithPride

üé• (Pride Productions Video/Audio)‚Ä¶",0
1.05405471270892E+018,"VB: #Hofstra vs. James Madison NOW!

üìπ Pride Productions Video: https://t.co/ShlEaolL1b

üìà Live Statistics:‚Ä¶ https://t.co/CgO8K1ed9T",0
1.05405471114005E+018,"VB: #Hofstra vs. James Madison NOW!

üìπ Pride Productions Video: https://t.co/Mvqok6sbLf

üìà Live Statistics:‚Ä¶ https://t.co/PJWx5xfBLs",0
1.05404011196744E+018,"WSOC: #Hofstra hosts Charleston at 1 p.m. in the regular season finale. #RoarWithPride

üé• (Pride Productions Video/‚Ä¶ https://t.co/iUyK0ZEdv1",0
1.05403986000297E+018,"WSOC: #Hofstra hosts Charleston at 1 p.m. in the regular season finale. #RoarWithPride

üé• (Pride Productions Video/‚Ä¶ https://t.co/cqBmBZgpdE",0
1.05402750055114E+018,"VB: #Hofstra vs. James Madison at 1 p.m. 

üìπ Pride Productions Video: https://t.co/ShlEaolL1b

üìà Live Statistics:‚Ä¶ https://t.co/ZvrV4lAywT",0
1.05402741891737E+018,"VB: #Hofstra vs. James Madison at 1 p.m. 

üìπ Pride Productions Video: https://t.co/Mvqok6aATH

üìà Live Statistics:‚Ä¶ https://t.co/5DItbm2ypo",0
1.05402426566893E+018," Wat @primephonic belooft kan ons #theater niet bieden, maar minimaal twee keer per jaar wel een #klassieke #muziek voo‚Ä¶",1
1.05401567701361E+018,//t.co/LR7DziVZWu,-1
1.05399686759026E+018,//t.co/JZhmQQLr87,-1
1.0539417531271E+018,//t.co/LR7DziVZWu,-1
1.05393766118501E+018,//t.co/JZhmQQLr87,-1
1.05393548724377E+018,//t.co/LR7DziVZWu,-1
1.0539275416675E+018," Dierenbeul HAROLD HOFSTRA (ChristenUnie, gedeputeerde Flevoland) verantwoordelijk voor aanstaande massamoord (1000+) op‚Ä¶",1
1.05392742978019E+018,"DIERENBEUL HAROLD ‚¨ÜÔ∏è HOFSTRA 

#Oostvaardersplassen #Flevoland  #Lelystad #OVP #HaroldHofstra #Hofstra #SBB  #PvdD‚Ä¶ https://t.co/rrmgcfBSp9",-1
1.05392642199385E+018," DIERENBEUL HAROLD ‚¨ÜÔ∏è HOFSTRA!   

#oostvaardersplassen #Lelystad #ovp #HaroldHofstra #Hofstra #edelherten 
#ovp #sbb #p‚Ä¶",1
1.05392548432359E+018,"DIERENBEUL HAROLD ‚¨ÜÔ∏è HOFSTRA!   

#oostvaardersplassen #Lelystad #ovp #HaroldHofstra #Hofstra #edelherten 
#ovp‚Ä¶ https://t.co/8b8YL0Wl9w",-1
1.05391981519324E+018,"Wat @primephonic belooft kan ons #theater niet bieden, maar minimaal twee keer per jaar wel een #klassieke #muziek‚Ä¶ https://t.co/hdLKpQi35D",-1
1.05388107649233E+018,"HOFSTRA UNIVERSITY, Hempstead, New York - Class of 1974 - Pinback Button #HOFSTRA #Classof1974 #Vintage #Buttons‚Ä¶ https://t.co/DOTtXwW0Vr",-1
1.05385267694822E+018,//t.co/za4Jdv73HM,-1
1.05383946916038E+018,//t.co/SKqTMS8JpG,-1
1.0538392755638E+018,MGOLF: Aronson Ties For Fifth At Lehigh Invitational #Hofstra #RoarWithPride https://t.co/SKqTMS8JpG,-1
1.05383362012793E+018,//t.co/irOEEpR6s1,-1
1.05382939125021E+018,MSOC: #Hofstra Rallies For 2-1 Win At Elon #RoarWithPride https://t.co/irOEEpR6s1,0
1.05382196921551E+018,The return of Justin Wright-Foreman gives Hofstra the chance to again finish near the top of the CAA. The 6‚Äô1 guard is‚Ä¶,0
1.05381747226724E+018,//t.co/za4Jdv73HM,-1
1.05381741659631E+018,"MSOC: #HOFSTRA WINS! Pride rallies past Elon, 2-1. #RoarWithPride https://t.co/za4Jdv73HM",0
1.05381266838406E+018,//t.co/LR7DziVZWu,-1
1.05381259356175E+018,"MSOC: Luke Brown puts #Hofstra up, 2-1, with 12:37 to play. #RoarWithPride https://t.co/LR7DziVZWu",0
1.05380874608068E+018,#Hofstra scores on an own goal to tie the game at 1. #RoarWithPride,-1
1.05380869814397E+018,MSOC: #Hofstra scores on an own goal to tie the game at 1. #RoarWithPride,-1
1.05380432151358E+018,Elon takes a 1-0 lead on a penalty kick in 48th minute. #Hofstra #RoarWithPride,0
1.05380428040948E+018,MSOC: Elon takes a 1-0 lead on a penalty kick in 48th minute. #Hofstra #RoarWithPride,0
1.05379970391622E+018,//t.co/009TZHjYtA,-1
1.05379961589881E+018,//t.co/009TZHjYtA,-1
1.05379958564951E+018,MSOC: #Hofstra and Elon are scoreless at the half. #RoarWithPride https://t.co/009TZHjYtA,-1
1.05379305911947E+018,No score between #Hofstra and Elon with 20 minutes left in first half. #RoarWithPride,0
1.05379302012084E+018,MSOC: No score between #Hofstra and Elon with 20 minutes left in first half. #RoarWithPride,0
1.05378316827944E+018,"MSOC: Game Time! #Hofstra at Elon starts NOW. #RoarWithPride

üé• (Pride Productions Video) - https://t.co/OKy81oZbzj",0
1.05378291665907E+018,"MSOC: Game Time! #Hofstra at Elon starts NOW. #RoarWithPride 

üé• (Pride Productions Video) -‚Ä¶ https://t.co/bqOnIW9uEu",0
1.05376832131167E+018,"MSOC: #Hofstra at Elon at 7 p.m. in a @CAASports contest. #RoarWithPride 

üé• (Pride Productions Video) -‚Ä¶ https://t.co/E85O4Kun1d",0
1.0537678175799E+018,"MSOC: #Hofstra at Elon at 7 p.m. in a @CAASports game. #RoarWithPride 

üé• (Pride Productions Video) -‚Ä¶ https://t.co/ECCfFY7yaV",0
1.05375957933775E+018,//t.co/JZhmQQLr87,-1
1.05374379159584E+018,The return of Justin Wright-Foreman gives Hofstra the chance to again finish near the top of the CAA. The 6‚Äô1 guard is‚Ä¶,0
